INSERT INTO `room` (`id`, `room_no`, `name`, `description`, `create_user`, `create_date`, `update_user`, `update_date`, `flag`) VALUES (1,'Lab-1','Lab-1','Lab-1',1,'2015-04-27 02:50:39',1,'2015-04-27 02:51:52',1),(2,'Lab-2','Lab-2','Lab-2',1,'2015-04-27 02:51:10',1,'2015-04-27 02:52:07',1),(3,'Lab-3','Lab-3','Lab-3',1,'2015-04-27 02:51:37',1,'2015-04-27 02:51:37',1);

INSERT INTO `stock` (`id`, `stock_no`, `name`, `description`, `create_user`, `create_date`, `update_user`, `update_date`, `flag`) VALUES (1,'stock-1','stock-1','stock-1',1,'2015-04-27 04:45:00',1,'2015-04-27 04:45:00',1),(2,'stock-2','stock-2','stock-2',1,'2015-04-27 04:45:00',1,'2015-04-27 04:45:00',1),(3,'stock-3','stock-3','stock-3',1,'2015-04-27 04:45:00',1,'2015-04-27 04:45:00',1);

INSERT INTO `material` (`id`, `material_no`, `brand`, `model`, `description`, `serial_no`, `amount`, `unit_price`, `create_user`, `create_date`, `update_user`, `update_date`, `stock_id`, `flag`) VALUES (1,'Material-1','Material-1','Material-1','Material-1','Material-1',10,NULL,1,'2015-04-27 04:45:00',1,'2015-04-27 04:45:00',1,0),(2,'Material-2','Material-2','Material-2','Material-2','Material-2',20,NULL,1,'2015-04-27 04:45:00',1,'2015-04-27 04:45:00',2,0),(3,'Material-3','Material-3','Material-3','Material-3','Material-3',30,NULL,1,'2015-04-27 04:45:00',1,'2015-04-27 04:45:00',3,0),(4,'Material-11','Material-11','Material-11','Material-11','Material-11',10,NULL,1,'2015-04-27 04:45:00',1,'2015-04-27 04:45:00',1,1),(5,'Material-22','Material-22','Material-22','Material-22','Material-22',20,NULL,1,'2015-04-27 04:45:00',1,'2015-04-27 04:45:00',2,1),(6,'Material-33','Material-33','Material-33','Material-33','Material-33',30,NULL,1,'2015-04-27 04:45:00',1,'2015-04-27 04:45:00',3,1),(7,'Bring-1','Bring-1','Bring-1','Bring-1','Bring-1',1,NULL,1,'2015-04-27 04:45:00',1,'2015-04-27 04:45:00',1,1),(8,'Bring-11','Bring-11','Bring-11','Bring-11','Bring-11',11,NULL,1,'2015-04-27 04:45:00',1,'2015-04-27 04:45:00',1,1);

INSERT INTO `device_type` (`id`, `type_no`, `name`, `description`, `flag`) VALUES (1,'Monitor','Monitor','Monitor',1),(2,'Printer','Printer','Printer',1),(3,'Scanner','Scanner','Scanner',1);
INSERT INTO `device` (`id`, `device_no`, `brand`, `model`, `ip_address`, `description`, `serial_no`, `warranty`, `amount`, `unit_price`, `remark`, `create_user`, `create_date`, `update_user`, `update_date`, `flag`, `stock_id`, `device_type_id`) VALUES (1,'Monitor-1','Monitor-1','Monitor-1','192.168.1.1','Monitor-1','Monitor-1','Monitor-1',10,NULL,NULL,1,'2015-04-27 04:45:00',1,'2015-04-27 04:45:00',0,1,1),(2,'Printer-1','Printer-1','Printer-1','192.168.1.2','Printer-1','Printer-1','Printer-1',20,NULL,NULL,1,'2015-04-27 04:45:00',1,'2015-04-27 04:45:00',0,1,2),(3,'Scanner-1','Scanner-1','Scanner-1','192.168.1.3','Scanner-1','Scanner-1','Scanner-1',30,NULL,NULL,1,'2015-04-27 04:45:00',1,'2015-04-27 04:45:00',0,1,3),(4,'Monitor-2','Monitor-2','Monitor-2','192.168.2.1','Monitor-2','Monitor-2','Monitor-2',10,NULL,NULL,1,'2015-04-27 04:45:00',1,'2015-04-27 04:45:00',1,2,1),(5,'Printer-2','Printer-2','Printer-2','192.168.2.2','Printer-2','Printer-2','Printer-2',20,NULL,NULL,1,'2015-04-27 04:45:00',1,'2015-04-27 04:45:00',1,2,2),(6,'Scanner-2','Scanner-2','Scanner-2','192.168.2.3','Scanner-2','Scanner-2','Scanner-2',30,NULL,NULL,1,'2015-04-27 04:45:00',1,'2015-04-27 04:45:00',1,2,3),(7,'Booking-1','Booking-1','Booking-1','192.168.1.1','Booking-1','Booking-1','Booking-1',1,NULL,NULL,1,'2015-04-27 04:45:00',1,'2015-04-27 04:45:00',1,1,1),(8,'Booking-11','Booking-11','Booking-11','192.168.1.11','Booking-11','Booking-11','Booking-11',11,NULL,NULL,1,'2015-04-27 04:45:00',1,'2015-04-27 04:45:00',1,1,1),(9,'Lend-1','Lend-1','Lend-1','192.168.1.1','Lend-1','Lend-1','Lend-1',1,NULL,NULL,1,'2015-04-27 04:45:00',1,'2015-04-27 04:45:00',1,1,1),(10,'Lend-11','Lend-11','Lend-11','192.168.1.11','Lend-11','Lend-11','Lend-11',11,NULL,NULL,1,'2015-04-27 04:45:00',1,'2015-04-27 04:45:00',1,1,1),(11,'Repair-1','Repair-1','Repair-1','192.168.1.1','Repair-1','Repair-1','Repair-1',1,NULL,NULL,1,'2015-04-27 04:45:00',1,'2015-04-27 04:45:00',1,1,1),(12,'Repair-11','Repair-11','Repair-11','192.168.1.11','Repair-11','Repair-11','Repair-11',11,NULL,NULL,1,'2015-04-27 04:45:00',1,'2015-04-27 04:45:00',1,1,1);

INSERT INTO `order` (`id`, `order_no`, `purpose`, `order_by`, `order_date`, `approvement`, `approved_date`, `received_by`, `received_date`, `checked_by`, `checked_date`, `create_user`, `create_date`, `update_user`, `update_date`, `flag`) VALUES (1,'Order-1','Order-1','Order-1','2015-04-28 00:00:00',1,'2015-04-28 00:00:00','Order-1','2015-04-28 00:00:00','Order-1','2015-04-28',1,'2015-04-28 04:19:00',1,'2015-04-28 04:19:00',1),(2,'Order-2','Order-2','Order-2','2015-04-28 00:00:00',1,'2015-04-28 00:00:00','Order-2','2015-04-28 00:00:00','Order-2','2015-04-28',1,'2015-04-28 04:20:00',1,'2015-04-28 04:23:00',1);
INSERT INTO `order_detail` (`id`, `item_no`, `description`, `amount`, `unit_price`, `remark`, `create_user`, `create_date`, `update_user`, `update_date`, `flag`, `order_id`) VALUES (1,'Order-1','Order-1',1,NULL,'Order-1',1,'2015-04-28 00:00:00',1,'2015-04-28 00:00:00',1,1),(2,'Order-11','Order-11',11,NULL,'Order-11',1,'2015-04-28 00:00:00',1,'2015-04-28 00:00:00',0,1);

INSERT INTO `repair_device` (`id`, `repair_no`, `person`, `approvement`, `approved_date`, `received_by`, `received_date`, `create_user`, `create_date`, `update_user`, `update_date`, `flag`) VALUES (1,'Repair-1','Repair-1',1,'2015-04-28 00:00:00','Repair-1','2015-04-28 00:00:00',1,'2015-04-28 04:27:00',1,'2015-04-28 04:27:00',1),(2,'Repair-2','Repair-2',1,'2015-04-28 00:00:00','Repair-2','2015-04-28 00:00:00',1,'2015-04-28 04:28:00',1,'2015-04-28 04:28:00',1);
INSERT INTO `repair_device_detail` (`id`, `symptom`, `flag`, `repair_device_id`, `device_id`) VALUES (1,'Repair-1',1,1,11),(2,'Repair-2',0,1,12);

INSERT INTO `lend_device` (`id`, `lend_no`, `purpose`, `rent_person`, `email`, `start_time`, `end_time`, `approvement`, `remark`, `create_user`, `create_date`, `update_user`, `update_date`, `flag`) VALUES (1,'Lend-1','Lend-1','Lend-1','Lend-1','2015-04-28 00:00:00','2015-04-28 00:00:00',1,'Lend-1',1,'2015-04-28 06:58:00',1,'2015-04-28 06:58:00',1),(2,'Lend-2','Lend-2','Lend-2','Lend-2','2015-04-29 00:00:00','2015-04-29 00:00:00',1,'Lend-2',1,'2015-04-28 07:01:00',1,'2015-04-28 07:01:00',1);
INSERT INTO `lend_device_detail` (`id`, `amount`, `flag`, `lend_device_id`, `device_id`) VALUES (1,1,1,1,9),(2,11,0,1,10);

INSERT INTO `booking_room` (`id`, `booking_no`, `events`, `purpose`, `description`, `contact_person`, `email`, `start_time`, `end_time`, `create_user`, `create_date`, `update_user`, `update_date`, `flag`, `room_id`) VALUES (1,'Booking-1','Booking-1','Booking-1','Booking-1','Booking-1','Booking-1','2015-04-28 11:30:00','2015-04-28 12:30:00',1,'2015-04-28 04:21:00',1,'2015-04-28 04:23:00',1,1),(2,'Booking-2','Booking-2','Booking-2','Booking-2','Booking-2','Booking-2','2015-04-28 12:00:00','2015-04-28 13:30:00',1,'2015-04-28 04:22:00',1,'2015-04-28 04:22:00',1,2);
INSERT INTO `booking_room_detail` (`id`, `amount`, `flag`, `booking_room_id`, `device_id`) VALUES (1,1,1,1,7),(2,11,0,1,8);

INSERT INTO `bring_material` (`id`, `bring_no`, `purpose`, `description`, `withdraw_person`, `email`, `approvement`, `remark`, `create_user`, `create_date`, `update_user`, `update_date`, `flag`) VALUES (1,'Bring-1','Bring-1','Bring-1','Bring-1','Bring-1',1,'Bring-1',1,'2015-04-28 07:30:00',1,'2015-04-28 07:30:00',1),(2,'Bring-2','Bring-2','Bring-2','Bring-2','Bring-2',1,'Bring-2',1,'2015-04-28 07:31:00',1,'2015-04-28 07:31:00',1);
INSERT INTO `bring_material_detail` (`id`, `amount`, `status`, `flag`, `bring_material_id`, `material_id`) VALUES (1,1,1,1,1,7),(2,11,1,0,1,8);

INSERT INTO `user_role` (`id`, `role_no`, `name`, `description`) VALUES (1,'It-manager','It-manager','It-manager'),(2,'It-support','It-support','It-support');
INSERT INTO `user` (`id`, `firstname`, `lastname`, `email`, `password`, `phone`, `flag`, `user_role_id`) VALUES (1,'It-manager','It-manager','itmanager@mail.com','1234','0811111111',1,1),(2,'It-support','It-support','itsupport@mail.com','1234','0822222222',1,2);
